<?xml version="1.0" encoding="UTF-8"?>
    <addon id="repository.inside4ndroid" name="Inside4ndroid" version="12.0.0" provider-name="Inside 4ndroid">
        <requires>
            <import addon="xbmc.addon" version="12.0.0"/>
        </requires>
        <extension point="xbmc.addon.repository" name="Inside4ndroid">
            <info compressed="false">http://i4pro.co.uk/kodi/repofree/_addons/addons.xml</info>
            <checksum>http://i4pro.co.uk/kodi/repofree/_addons/addons.xml.md5</checksum>
            <datadir zip="true">http://i4pro.co.uk/kodi/repofree/_addons/</datadir>
            <hashes>false</hashes>
        </extension>
        <extension point="xbmc.addon.metadata">
            <summary>Inside 4ndroid Kodi Addons</summary>
            <description>Inside 4ndroid Kodi Addons</description>
            <platform>all</platform>
    </extension>
</addon>